Greenhouse_Gas_Source_And_Sink_Categors,Sheet,State,Year,value
"Total CO2 equivaleNorthern Territory emissions with land use, land-use change and forestry",Australian Capital Territory,Australian Capital Territory,1990,1126.2806
"Total CO2 equivaleNorthern Territory emissions with land use, land-use change and forestry",Australian Capital Territory,Australian Capital Territory,1991,1283.48837
"Total CO2 equivaleNorthern Territory emissions with land use, land-use change and forestry",Australian Capital Territory,Australian Capital Territory,1992,1157.545615
"Total CO2 equivaleNorthern Territory emissions with land use, land-use change and forestry",Australian Capital Territory,Australian Capital Territory,1993,1187.171425
"Total CO2 equivaleNorthern Territory emissions with land use, land-use change and forestry",Australian Capital Territory,Australian Capital Territory,1994,1427.094346
"Total CO2 equivaleNorthern Territory emissions with land use, land-use change and forestry",Australian Capital Territory,Australian Capital Territory,1995,1167.165736
"Total CO2 equivaleNorthern Territory emissions with land use, land-use change and forestry",Australian Capital Territory,Australian Capital Territory,1996,1213.127218
"Total CO2 equivaleNorthern Territory emissions with land use, land-use change and forestry",Australian Capital Territory,Australian Capital Territory,1997,1151.890641
"Total CO2 equivaleNorthern Territory emissions with land use, land-use change and forestry",Australian Capital Territory,Australian Capital Territory,1998,1180.346601
"Total CO2 equivaleNorthern Territory emissions with land use, land-use change and forestry",Australian Capital Territory,Australian Capital Territory,1999,1364.763744
"Total CO2 equivaleNorthern Territory emissions with land use, land-use change and forestry",Australian Capital Territory,Australian Capital Territory,2000,1246.459672
"Total CO2 equivaleNorthern Territory emissions with land use, land-use change and forestry",Australian Capital Territory,Australian Capital Territory,2001,1113.553046
"Total CO2 equivaleNorthern Territory emissions with land use, land-use change and forestry",Australian Capital Territory,Australian Capital Territory,2002,1186.18436
"Total CO2 equivaleNorthern Territory emissions with land use, land-use change and forestry",Australian Capital Territory,Australian Capital Territory,2003,1230.92871
"Total CO2 equivaleNorthern Territory emissions with land use, land-use change and forestry",Australian Capital Territory,Australian Capital Territory,2004,1566.341127
"Total CO2 equivaleNorthern Territory emissions with land use, land-use change and forestry",Australian Capital Territory,Australian Capital Territory,2005,1391.425109
"Total CO2 equivaleNorthern Territory emissions with land use, land-use change and forestry",Australian Capital Territory,Australian Capital Territory,2006,1476.921209
"Total CO2 equivaleNorthern Territory emissions with land use, land-use change and forestry",Australian Capital Territory,Australian Capital Territory,2007,1320.043971
"Total CO2 equivaleNorthern Territory emissions with land use, land-use change and forestry",Australian Capital Territory,Australian Capital Territory,2008,1298.037389
"Total CO2 equivaleNorthern Territory emissions with land use, land-use change and forestry",Australian Capital Territory,Australian Capital Territory,2009,1998.312562
"Total CO2 equivaleNorthern Territory emissions with land use, land-use change and forestry",Australian Capital Territory,Australian Capital Territory,2010,1690.788553
"Total CO2 equivaleNorthern Territory emissions with land use, land-use change and forestry",Australian Capital Territory,Australian Capital Territory,2011,1803.233755
"Total CO2 equivaleNorthern Territory emissions with land use, land-use change and forestry",Australian Capital Territory,Australian Capital Territory,2012,1683.371974
"Total CO2 equivaleNorthern Territory emissions with land use, land-use change and forestry",Australian Capital Territory,Australian Capital Territory,2013,1524.044711
"Total CO2 equivaleNorthern Territory emissions with land use, land-use change and forestry",Australian Capital Territory,Australian Capital Territory,2014,1553.976263
"Total CO2 equivaleNorthern Territory emissions with land use, land-use change and forestry",Australian Capital Territory,Australian Capital Territory,2015,1581.580399
"Total CO2 equivaleNorthern Territory emissions with land use, land-use change and forestry",Australian Capital Territory,Australian Capital Territory,2016,1423.15052
"Total CO2 equivaleNorthern Territory emissions with land use, land-use change and forestry",Australian Capital Territory,Australian Capital Territory,2017,1374.956762
"Total CO2 equivaleNorthern Territory emissions with land use, land-use change and forestry",Australian Capital Territory,Australian Capital Territory,2018,1165.091342
"Total CO2 equivaleNorthern Territory emissions with land use, land-use change and forestry",Australian Capital Territory,Australian Capital Territory,2019,1185.977818
"Total CO2 equivaleNorthern Territory emissions with land use, land-use change and forestry",Australian Capital Territory,Australian Capital Territory,2020,1134.055158
"Total CO2 equivaleNorthern Territory emissions with land use, land-use change and forestry",ET,ET,1990,7.812550438
"Total CO2 equivaleNorthern Territory emissions with land use, land-use change and forestry",ET,ET,1991,8.380273893
"Total CO2 equivaleNorthern Territory emissions with land use, land-use change and forestry",ET,ET,1992,8.787926991
"Total CO2 equivaleNorthern Territory emissions with land use, land-use change and forestry",ET,ET,1993,10.85057217
"Total CO2 equivaleNorthern Territory emissions with land use, land-use change and forestry",ET,ET,1994,13.11868551
"Total CO2 equivaleNorthern Territory emissions with land use, land-use change and forestry",ET,ET,1995,9.824346812
"Total CO2 equivaleNorthern Territory emissions with land use, land-use change and forestry",ET,ET,1996,15.67373503
"Total CO2 equivaleNorthern Territory emissions with land use, land-use change and forestry",ET,ET,1997,10.42857293
"Total CO2 equivaleNorthern Territory emissions with land use, land-use change and forestry",ET,ET,1998,7.167884452
"Total CO2 equivaleNorthern Territory emissions with land use, land-use change and forestry",ET,ET,1999,10.87477743
"Total CO2 equivaleNorthern Territory emissions with land use, land-use change and forestry",ET,ET,2000,18.27760884
"Total CO2 equivaleNorthern Territory emissions with land use, land-use change and forestry",ET,ET,2001,13.87306938
"Total CO2 equivaleNorthern Territory emissions with land use, land-use change and forestry",ET,ET,2002,16.12877157
"Total CO2 equivaleNorthern Territory emissions with land use, land-use change and forestry",ET,ET,2003,14.19028451
"Total CO2 equivaleNorthern Territory emissions with land use, land-use change and forestry",ET,ET,2004,13.82879332
"Total CO2 equivaleNorthern Territory emissions with land use, land-use change and forestry",ET,ET,2005,14.07660008
"Total CO2 equivaleNorthern Territory emissions with land use, land-use change and forestry",ET,ET,2006,14.27569744
"Total CO2 equivaleNorthern Territory emissions with land use, land-use change and forestry",ET,ET,2007,15.31030523
"Total CO2 equivaleNorthern Territory emissions with land use, land-use change and forestry",ET,ET,2008,34.18204041
"Total CO2 equivaleNorthern Territory emissions with land use, land-use change and forestry",ET,ET,2009,28.90450346
"Total CO2 equivaleNorthern Territory emissions with land use, land-use change and forestry",ET,ET,2010,25.82647615
"Total CO2 equivaleNorthern Territory emissions with land use, land-use change and forestry",ET,ET,2011,42.72315179
"Total CO2 equivaleNorthern Territory emissions with land use, land-use change and forestry",ET,ET,2012,44.69097326
"Total CO2 equivaleNorthern Territory emissions with land use, land-use change and forestry",ET,ET,2013,44.81477081
"Total CO2 equivaleNorthern Territory emissions with land use, land-use change and forestry",ET,ET,2014,44.98730432
"Total CO2 equivaleNorthern Territory emissions with land use, land-use change and forestry",ET,ET,2015,45.10987696
"Total CO2 equivaleNorthern Territory emissions with land use, land-use change and forestry",ET,ET,2016,46.05123507
"Total CO2 equivaleNorthern Territory emissions with land use, land-use change and forestry",ET,ET,2017,46.06472322
"Total CO2 equivaleNorthern Territory emissions with land use, land-use change and forestry",ET,ET,2018,42.69723287
"Total CO2 equivaleNorthern Territory emissions with land use, land-use change and forestry",ET,ET,2019,46.17272321
"Total CO2 equivaleNorthern Territory emissions with land use, land-use change and forestry",ET,ET,2020,42.85352278
"Total CO2 equivaleNorthern Territory emissions with land use, land-use change and forestry",New South Western Australiales,New South Wales,1990,180078.8789
"Total CO2 equivaleNorthern Territory emissions with land use, land-use change and forestry",New South Western Australiales,New South Wales,1991,168595.218
"Total CO2 equivaleNorthern Territory emissions with land use, land-use change and forestry",New South Western Australiales,New South Wales,1992,154858.2744
"Total CO2 equivaleNorthern Territory emissions with land use, land-use change and forestry",New South Western Australiales,New South Wales,1993,141730.5124
"Total CO2 equivaleNorthern Territory emissions with land use, land-use change and forestry",New South Western Australiales,New South Wales,1994,144393.8217
"Total CO2 equivaleNorthern Territory emissions with land use, land-use change and forestry",New South Western Australiales,New South Wales,1995,133061.5291
"Total CO2 equivaleNorthern Territory emissions with land use, land-use change and forestry",New South Western Australiales,New South Wales,1996,132760.1447
"Total CO2 equivaleNorthern Territory emissions with land use, land-use change and forestry",New South Western Australiales,New South Wales,1997,139889.2037
"Total CO2 equivaleNorthern Territory emissions with land use, land-use change and forestry",New South Western Australiales,New South Wales,1998,137980.1155
"Total CO2 equivaleNorthern Territory emissions with land use, land-use change and forestry",New South Western Australiales,New South Wales,1999,140336.5767
"Total CO2 equivaleNorthern Territory emissions with land use, land-use change and forestry",New South Western Australiales,New South Wales,2000,154903.3368
"Total CO2 equivaleNorthern Territory emissions with land use, land-use change and forestry",New South Western Australiales,New South Wales,2001,158808.6401
"Total CO2 equivaleNorthern Territory emissions with land use, land-use change and forestry",New South Western Australiales,New South Wales,2002,155199.4231
"Total CO2 equivaleNorthern Territory emissions with land use, land-use change and forestry",New South Western Australiales,New South Wales,2003,150816.3362
"Total CO2 equivaleNorthern Territory emissions with land use, land-use change and forestry",New South Western Australiales,New South Wales,2004,154872.034
"Total CO2 equivaleNorthern Territory emissions with land use, land-use change and forestry",New South Western Australiales,New South Wales,2005,161633.6895
"Total CO2 equivaleNorthern Territory emissions with land use, land-use change and forestry",New South Western Australiales,New South Wales,2006,164544.1624
"Total CO2 equivaleNorthern Territory emissions with land use, land-use change and forestry",New South Western Australiales,New South Wales,2007,170978.0039
"Total CO2 equivaleNorthern Territory emissions with land use, land-use change and forestry",New South Western Australiales,New South Wales,2008,167551.1747
"Total CO2 equivaleNorthern Territory emissions with land use, land-use change and forestry",New South Western Australiales,New South Wales,2009,163482.2293
"Total CO2 equivaleNorthern Territory emissions with land use, land-use change and forestry",New South Western Australiales,New South Wales,2010,155943.4781
"Total CO2 equivaleNorthern Territory emissions with land use, land-use change and forestry",New South Western Australiales,New South Wales,2011,156721.2331
"Total CO2 equivaleNorthern Territory emissions with land use, land-use change and forestry",New South Western Australiales,New South Wales,2012,158772.01
"Total CO2 equivaleNorthern Territory emissions with land use, land-use change and forestry",New South Western Australiales,New South Wales,2013,150947.1892
"Total CO2 equivaleNorthern Territory emissions with land use, land-use change and forestry",New South Western Australiales,New South Wales,2014,149097.8558
"Total CO2 equivaleNorthern Territory emissions with land use, land-use change and forestry",New South Western Australiales,New South Wales,2015,142596.7634
"Total CO2 equivaleNorthern Territory emissions with land use, land-use change and forestry",New South Western Australiales,New South Wales,2016,134275.0541
"Total CO2 equivaleNorthern Territory emissions with land use, land-use change and forestry",New South Western Australiales,New South Wales,2017,137208.7199
"Total CO2 equivaleNorthern Territory emissions with land use, land-use change and forestry",New South Western Australiales,New South Wales,2018,143477.9094
"Total CO2 equivaleNorthern Territory emissions with land use, land-use change and forestry",New South Western Australiales,New South Wales,2019,135279.3336
"Total CO2 equivaleNorthern Territory emissions with land use, land-use change and forestry",New South Western Australiales,New South Wales,2020,132407.6432
"Total CO2 equivaleNorthern Territory emissions with land use, land-use change and forestry",Northern Territory,Northern Territory,1990,16575.25636
"Total CO2 equivaleNorthern Territory emissions with land use, land-use change and forestry",Northern Territory,Northern Territory,1991,17947.03668
"Total CO2 equivaleNorthern Territory emissions with land use, land-use change and forestry",Northern Territory,Northern Territory,1992,19826.69494
"Total CO2 equivaleNorthern Territory emissions with land use, land-use change and forestry",Northern Territory,Northern Territory,1993,19357.08551
"Total CO2 equivaleNorthern Territory emissions with land use, land-use change and forestry",Northern Territory,Northern Territory,1994,19884.22678
"Total CO2 equivaleNorthern Territory emissions with land use, land-use change and forestry",Northern Territory,Northern Territory,1995,22229.51234
"Total CO2 equivaleNorthern Territory emissions with land use, land-use change and forestry",Northern Territory,Northern Territory,1996,24596.33373
"Total CO2 equivaleNorthern Territory emissions with land use, land-use change and forestry",Northern Territory,Northern Territory,1997,22027.00249
"Total CO2 equivaleNorthern Territory emissions with land use, land-use change and forestry",Northern Territory,Northern Territory,1998,24315.0389
"Total CO2 equivaleNorthern Territory emissions with land use, land-use change and forestry",Northern Territory,Northern Territory,1999,22697.09166
"Total CO2 equivaleNorthern Territory emissions with land use, land-use change and forestry",Northern Territory,Northern Territory,2000,24767.66739
"Total CO2 equivaleNorthern Territory emissions with land use, land-use change and forestry",Northern Territory,Northern Territory,2001,19451.06337
"Total CO2 equivaleNorthern Territory emissions with land use, land-use change and forestry",Northern Territory,Northern Territory,2002,19459.3953
"Total CO2 equivaleNorthern Territory emissions with land use, land-use change and forestry",Northern Territory,Northern Territory,2003,19577.18962
"Total CO2 equivaleNorthern Territory emissions with land use, land-use change and forestry",Northern Territory,Northern Territory,2004,11976.25527
"Total CO2 equivaleNorthern Territory emissions with land use, land-use change and forestry",Northern Territory,Northern Territory,2005,12731.92826
"Total CO2 equivaleNorthern Territory emissions with land use, land-use change and forestry",Northern Territory,Northern Territory,2006,19094.62992
"Total CO2 equivaleNorthern Territory emissions with land use, land-use change and forestry",Northern Territory,Northern Territory,2007,18858.56484
"Total CO2 equivaleNorthern Territory emissions with land use, land-use change and forestry",Northern Territory,Northern Territory,2008,13768.6085
"Total CO2 equivaleNorthern Territory emissions with land use, land-use change and forestry",Northern Territory,Northern Territory,2009,18163.68366
"Total CO2 equivaleNorthern Territory emissions with land use, land-use change and forestry",Northern Territory,Northern Territory,2010,12724.50365
"Total CO2 equivaleNorthern Territory emissions with land use, land-use change and forestry",Northern Territory,Northern Territory,2011,10277.84224
"Total CO2 equivaleNorthern Territory emissions with land use, land-use change and forestry",Northern Territory,Northern Territory,2012,7771.234532
"Total CO2 equivaleNorthern Territory emissions with land use, land-use change and forestry",Northern Territory,Northern Territory,2013,11544.52261
"Total CO2 equivaleNorthern Territory emissions with land use, land-use change and forestry",Northern Territory,Northern Territory,2014,14442.20627
"Total CO2 equivaleNorthern Territory emissions with land use, land-use change and forestry",Northern Territory,Northern Territory,2015,11755.83253
"Total CO2 equivaleNorthern Territory emissions with land use, land-use change and forestry",Northern Territory,Northern Territory,2016,13126.21757
"Total CO2 equivaleNorthern Territory emissions with land use, land-use change and forestry",Northern Territory,Northern Territory,2017,14325.47776
"Total CO2 equivaleNorthern Territory emissions with land use, land-use change and forestry",Northern Territory,Northern Territory,2018,10237.56449
"Total CO2 equivaleNorthern Territory emissions with land use, land-use change and forestry",Northern Territory,Northern Territory,2019,17162.24977
"Total CO2 equivaleNorthern Territory emissions with land use, land-use change and forestry",Northern Territory,Northern Territory,2020,17345.02159
"Total CO2 equivaleNorthern Territory emissions with land use, land-use change and forestry",Queensland,Queensland,1990,193271.6476
"Total CO2 equivaleNorthern Territory emissions with land use, land-use change and forestry",Queensland,Queensland,1991,188651.7609
"Total CO2 equivaleNorthern Territory emissions with land use, land-use change and forestry",Queensland,Queensland,1992,157823.9697
"Total CO2 equivaleNorthern Territory emissions with land use, land-use change and forestry",Queensland,Queensland,1993,152522.1943
"Total CO2 equivaleNorthern Territory emissions with land use, land-use change and forestry",Queensland,Queensland,1994,139946.3976
"Total CO2 equivaleNorthern Territory emissions with land use, land-use change and forestry",Queensland,Queensland,1995,134498.7766
"Total CO2 equivaleNorthern Territory emissions with land use, land-use change and forestry",Queensland,Queensland,1996,142530.0077
"Total CO2 equivaleNorthern Territory emissions with land use, land-use change and forestry",Queensland,Queensland,1997,138373.78
"Total CO2 equivaleNorthern Territory emissions with land use, land-use change and forestry",Queensland,Queensland,1998,138617.0455
"Total CO2 equivaleNorthern Territory emissions with land use, land-use change and forestry",Queensland,Queensland,1999,152715.6315
"Total CO2 equivaleNorthern Territory emissions with land use, land-use change and forestry",Queensland,Queensland,2000,154264.8844
"Total CO2 equivaleNorthern Territory emissions with land use, land-use change and forestry",Queensland,Queensland,2001,171127.5567
"Total CO2 equivaleNorthern Territory emissions with land use, land-use change and forestry",Queensland,Queensland,2002,179991.5137
"Total CO2 equivaleNorthern Territory emissions with land use, land-use change and forestry",Queensland,Queensland,2003,177233.3299
"Total CO2 equivaleNorthern Territory emissions with land use, land-use change and forestry",Queensland,Queensland,2004,177025.4173
"Total CO2 equivaleNorthern Territory emissions with land use, land-use change and forestry",Queensland,Queensland,2005,197339.3314
"Total CO2 equivaleNorthern Territory emissions with land use, land-use change and forestry",Queensland,Queensland,2006,197518.9871
"Total CO2 equivaleNorthern Territory emissions with land use, land-use change and forestry",Queensland,Queensland,2007,193755.202
"Total CO2 equivaleNorthern Territory emissions with land use, land-use change and forestry",Queensland,Queensland,2008,194228.5407
"Total CO2 equivaleNorthern Territory emissions with land use, land-use change and forestry",Queensland,Queensland,2009,185534.7749
"Total CO2 equivaleNorthern Territory emissions with land use, land-use change and forestry",Queensland,Queensland,2010,184149.9598
"Total CO2 equivaleNorthern Territory emissions with land use, land-use change and forestry",Queensland,Queensland,2011,179208.4199
"Total CO2 equivaleNorthern Territory emissions with land use, land-use change and forestry",Queensland,Queensland,2012,171755.3813
"Total CO2 equivaleNorthern Territory emissions with land use, land-use change and forestry",Queensland,Queensland,2013,169477.5071
"Total CO2 equivaleNorthern Territory emissions with land use, land-use change and forestry",Queensland,Queensland,2014,169140.1655
"Total CO2 equivaleNorthern Territory emissions with land use, land-use change and forestry",Queensland,Queensland,2015,168008.8374
"Total CO2 equivaleNorthern Territory emissions with land use, land-use change and forestry",Queensland,Queensland,2016,158783.2986
"Total CO2 equivaleNorthern Territory emissions with land use, land-use change and forestry",Queensland,Queensland,2017,163409.0405
"Total CO2 equivaleNorthern Territory emissions with land use, land-use change and forestry",Queensland,Queensland,2018,172062.0903
"Total CO2 equivaleNorthern Territory emissions with land use, land-use change and forestry",Queensland,Queensland,2019,161178.2661
"Total CO2 equivaleNorthern Territory emissions with land use, land-use change and forestry",Queensland,Queensland,2020,159202.2154
"Total CO2 equivaleNorthern Territory emissions with land use, land-use change and forestry",South Australia,South Australia,1990,38265.21064
"Total CO2 equivaleNorthern Territory emissions with land use, land-use change and forestry",South Australia,South Australia,1991,32380.52533
"Total CO2 equivaleNorthern Territory emissions with land use, land-use change and forestry",South Australia,South Australia,1992,30178.32982
"Total CO2 equivaleNorthern Territory emissions with land use, land-use change and forestry",South Australia,South Australia,1993,31697.30759
"Total CO2 equivaleNorthern Territory emissions with land use, land-use change and forestry",South Australia,South Australia,1994,29595.53251
"Total CO2 equivaleNorthern Territory emissions with land use, land-use change and forestry",South Australia,South Australia,1995,27556.58544
"Total CO2 equivaleNorthern Territory emissions with land use, land-use change and forestry",South Australia,South Australia,1996,28345.83013
"Total CO2 equivaleNorthern Territory emissions with land use, land-use change and forestry",South Australia,South Australia,1997,29058.82885
"Total CO2 equivaleNorthern Territory emissions with land use, land-use change and forestry",South Australia,South Australia,1998,28617.88607
"Total CO2 equivaleNorthern Territory emissions with land use, land-use change and forestry",South Australia,South Australia,1999,30333.16665
"Total CO2 equivaleNorthern Territory emissions with land use, land-use change and forestry",South Australia,South Australia,2000,28500.09961
"Total CO2 equivaleNorthern Territory emissions with land use, land-use change and forestry",South Australia,South Australia,2001,30958.102
"Total CO2 equivaleNorthern Territory emissions with land use, land-use change and forestry",South Australia,South Australia,2002,31644.90561
"Total CO2 equivaleNorthern Territory emissions with land use, land-use change and forestry",South Australia,South Australia,2003,33362.6528
"Total CO2 equivaleNorthern Territory emissions with land use, land-use change and forestry",South Australia,South Australia,2004,32583.84482
"Total CO2 equivaleNorthern Territory emissions with land use, land-use change and forestry",South Australia,South Australia,2005,36834.33535
"Total CO2 equivaleNorthern Territory emissions with land use, land-use change and forestry",South Australia,South Australia,2006,34990.11139
"Total CO2 equivaleNorthern Territory emissions with land use, land-use change and forestry",South Australia,South Australia,2007,36997.83737
"Total CO2 equivaleNorthern Territory emissions with land use, land-use change and forestry",South Australia,South Australia,2008,34693.73496
"Total CO2 equivaleNorthern Territory emissions with land use, land-use change and forestry",South Australia,South Australia,2009,29893.26155
"Total CO2 equivaleNorthern Territory emissions with land use, land-use change and forestry",South Australia,South Australia,2010,25433.71453
"Total CO2 equivaleNorthern Territory emissions with land use, land-use change and forestry",South Australia,South Australia,2011,22385.97182
"Total CO2 equivaleNorthern Territory emissions with land use, land-use change and forestry",South Australia,South Australia,2012,25155.24961
"Total CO2 equivaleNorthern Territory emissions with land use, land-use change and forestry",South Australia,South Australia,2013,26621.6526
"Total CO2 equivaleNorthern Territory emissions with land use, land-use change and forestry",South Australia,South Australia,2014,29148.11477
"Total CO2 equivaleNorthern Territory emissions with land use, land-use change and forestry",South Australia,South Australia,2015,28286.77861
"Total CO2 equivaleNorthern Territory emissions with land use, land-use change and forestry",South Australia,South Australia,2016,25042.82384
"Total CO2 equivaleNorthern Territory emissions with land use, land-use change and forestry",South Australia,South Australia,2017,23016.70875
"Total CO2 equivaleNorthern Territory emissions with land use, land-use change and forestry",South Australia,South Australia,2018,25858.44527
"Total CO2 equivaleNorthern Territory emissions with land use, land-use change and forestry",South Australia,South Australia,2019,24042.26882
"Total CO2 equivaleNorthern Territory emissions with land use, land-use change and forestry",South Australia,South Australia,2020,25376.39236
"Total CO2 equivaleNorthern Territory emissions with land use, land-use change and forestry",Tasmania,Tasmania,1990,17888.21348
"Total CO2 equivaleNorthern Territory emissions with land use, land-use change and forestry",Tasmania,Tasmania,1991,21698.93773
"Total CO2 equivaleNorthern Territory emissions with land use, land-use change and forestry",Tasmania,Tasmania,1992,16605.75227
"Total CO2 equivaleNorthern Territory emissions with land use, land-use change and forestry",Tasmania,Tasmania,1993,14719.01473
"Total CO2 equivaleNorthern Territory emissions with land use, land-use change and forestry",Tasmania,Tasmania,1994,15088.25274
"Total CO2 equivaleNorthern Territory emissions with land use, land-use change and forestry",Tasmania,Tasmania,1995,17064.49585
"Total CO2 equivaleNorthern Territory emissions with land use, land-use change and forestry",Tasmania,Tasmania,1996,15864.7687
"Total CO2 equivaleNorthern Territory emissions with land use, land-use change and forestry",Tasmania,Tasmania,1997,13446.25807
"Total CO2 equivaleNorthern Territory emissions with land use, land-use change and forestry",Tasmania,Tasmania,1998,14632.85864
"Total CO2 equivaleNorthern Territory emissions with land use, land-use change and forestry",Tasmania,Tasmania,1999,14688.36525
"Total CO2 equivaleNorthern Territory emissions with land use, land-use change and forestry",Tasmania,Tasmania,2000,17757.67939
"Total CO2 equivaleNorthern Territory emissions with land use, land-use change and forestry",Tasmania,Tasmania,2001,16724.44811
"Total CO2 equivaleNorthern Territory emissions with land use, land-use change and forestry",Tasmania,Tasmania,2002,13721.13505
"Total CO2 equivaleNorthern Territory emissions with land use, land-use change and forestry",Tasmania,Tasmania,2003,14043.92946
"Total CO2 equivaleNorthern Territory emissions with land use, land-use change and forestry",Tasmania,Tasmania,2004,14232.63244
"Total CO2 equivaleNorthern Territory emissions with land use, land-use change and forestry",Tasmania,Tasmania,2005,13442.12591
"Total CO2 equivaleNorthern Territory emissions with land use, land-use change and forestry",Tasmania,Tasmania,2006,10491.55493
"Total CO2 equivaleNorthern Territory emissions with land use, land-use change and forestry",Tasmania,Tasmania,2007,8872.914341
"Total CO2 equivaleNorthern Territory emissions with land use, land-use change and forestry",Tasmania,Tasmania,2008,11948.01751
"Total CO2 equivaleNorthern Territory emissions with land use, land-use change and forestry",Tasmania,Tasmania,2009,11193.683
"Total CO2 equivaleNorthern Territory emissions with land use, land-use change and forestry",Tasmania,Tasmania,2010,9661.158196
"Total CO2 equivaleNorthern Territory emissions with land use, land-use change and forestry",Tasmania,Tasmania,2011,9602.692422
"Total CO2 equivaleNorthern Territory emissions with land use, land-use change and forestry",Tasmania,Tasmania,2012,3222.914698
"Total CO2 equivaleNorthern Territory emissions with land use, land-use change and forestry",Tasmania,Tasmania,2013,410.5509746
"Total CO2 equivaleNorthern Territory emissions with land use, land-use change and forestry",Tasmania,Tasmania,2014,-673.5281511
"Total CO2 equivaleNorthern Territory emissions with land use, land-use change and forestry",Tasmania,Tasmania,2015,-1627.532486
"Total CO2 equivaleNorthern Territory emissions with land use, land-use change and forestry",Tasmania,Tasmania,2016,-2473.141386
"Total CO2 equivaleNorthern Territory emissions with land use, land-use change and forestry",Tasmania,Tasmania,2017,-3154.623984
"Total CO2 equivaleNorthern Territory emissions with land use, land-use change and forestry",Tasmania,Tasmania,2018,-3987.682254
"Total CO2 equivaleNorthern Territory emissions with land use, land-use change and forestry",Tasmania,Tasmania,2019,-2508.833506
"Total CO2 equivaleNorthern Territory emissions with land use, land-use change and forestry",Tasmania,Tasmania,2020,-3732.735278
"Total CO2 equivaleNorthern Territory emissions with land use, land-use change and forestry",Victoria,Victoria,1990,110632.7216
"Total CO2 equivaleNorthern Territory emissions with land use, land-use change and forestry",Victoria,Victoria,1991,112805.722
"Total CO2 equivaleNorthern Territory emissions with land use, land-use change and forestry",Victoria,Victoria,1992,107675.2069
"Total CO2 equivaleNorthern Territory emissions with land use, land-use change and forestry",Victoria,Victoria,1993,105960.2619
"Total CO2 equivaleNorthern Territory emissions with land use, land-use change and forestry",Victoria,Victoria,1994,106684.8789
"Total CO2 equivaleNorthern Territory emissions with land use, land-use change and forestry",Victoria,Victoria,1995,106789.1016
"Total CO2 equivaleNorthern Territory emissions with land use, land-use change and forestry",Victoria,Victoria,1996,101270.7208
"Total CO2 equivaleNorthern Territory emissions with land use, land-use change and forestry",Victoria,Victoria,1997,103528.6735
"Total CO2 equivaleNorthern Territory emissions with land use, land-use change and forestry",Victoria,Victoria,1998,109601.7407
"Total CO2 equivaleNorthern Territory emissions with land use, land-use change and forestry",Victoria,Victoria,1999,109966.2456
"Total CO2 equivaleNorthern Territory emissions with land use, land-use change and forestry",Victoria,Victoria,2000,115289.0212
"Total CO2 equivaleNorthern Territory emissions with land use, land-use change and forestry",Victoria,Victoria,2001,116210.8055
"Total CO2 equivaleNorthern Territory emissions with land use, land-use change and forestry",Victoria,Victoria,2002,111986.6708
"Total CO2 equivaleNorthern Territory emissions with land use, land-use change and forestry",Victoria,Victoria,2003,118837.5336
"Total CO2 equivaleNorthern Territory emissions with land use, land-use change and forestry",Victoria,Victoria,2004,124163.1276
"Total CO2 equivaleNorthern Territory emissions with land use, land-use change and forestry",Victoria,Victoria,2005,118586.2156
"Total CO2 equivaleNorthern Territory emissions with land use, land-use change and forestry",Victoria,Victoria,2006,123476.8673
"Total CO2 equivaleNorthern Territory emissions with land use, land-use change and forestry",Victoria,Victoria,2007,127391.8751
"Total CO2 equivaleNorthern Territory emissions with land use, land-use change and forestry",Victoria,Victoria,2008,125425.1955
"Total CO2 equivaleNorthern Territory emissions with land use, land-use change and forestry",Victoria,Victoria,2009,136359.891
"Total CO2 equivaleNorthern Territory emissions with land use, land-use change and forestry",Victoria,Victoria,2010,139782.8975
"Total CO2 equivaleNorthern Territory emissions with land use, land-use change and forestry",Victoria,Victoria,2011,138640.8455
"Total CO2 equivaleNorthern Territory emissions with land use, land-use change and forestry",Victoria,Victoria,2012,132336.2006
"Total CO2 equivaleNorthern Territory emissions with land use, land-use change and forestry",Victoria,Victoria,2013,119450.2962
"Total CO2 equivaleNorthern Territory emissions with land use, land-use change and forestry",Victoria,Victoria,2014,114840.3546
"Total CO2 equivaleNorthern Territory emissions with land use, land-use change and forestry",Victoria,Victoria,2015,114524.1965
"Total CO2 equivaleNorthern Territory emissions with land use, land-use change and forestry",Victoria,Victoria,2016,105605.1641
"Total CO2 equivaleNorthern Territory emissions with land use, land-use change and forestry",Victoria,Victoria,2017,101783.5979
"Total CO2 equivaleNorthern Territory emissions with land use, land-use change and forestry",Victoria,Victoria,2018,93117.05731
"Total CO2 equivaleNorthern Territory emissions with land use, land-use change and forestry",Victoria,Victoria,2019,88404.16011
"Total CO2 equivaleNorthern Territory emissions with land use, land-use change and forestry",Victoria,Victoria,2020,83274.00902
"Total CO2 equivaleNorthern Territory emissions with land use, land-use change and forestry",Western Australia,Western Australia,1990,82367.01033
"Total CO2 equivaleNorthern Territory emissions with land use, land-use change and forestry",Western Australia,Western Australia,1991,81247.1457
"Total CO2 equivaleNorthern Territory emissions with land use, land-use change and forestry",Western Australia,Western Australia,1992,72190.72033
"Total CO2 equivaleNorthern Territory emissions with land use, land-use change and forestry",Western Australia,Western Australia,1993,70578.35627
"Total CO2 equivaleNorthern Territory emissions with land use, land-use change and forestry",Western Australia,Western Australia,1994,76654.05516
"Total CO2 equivaleNorthern Territory emissions with land use, land-use change and forestry",Western Australia,Western Australia,1995,74666.91656
"Total CO2 equivaleNorthern Territory emissions with land use, land-use change and forestry",Western Australia,Western Australia,1996,76440.26596
"Total CO2 equivaleNorthern Territory emissions with land use, land-use change and forestry",Western Australia,Western Australia,1997,80451.64668
"Total CO2 equivaleNorthern Territory emissions with land use, land-use change and forestry",Western Australia,Western Australia,1998,71463.81186
"Total CO2 equivaleNorthern Territory emissions with land use, land-use change and forestry",Western Australia,Western Australia,1999,71519.66333
"Total CO2 equivaleNorthern Territory emissions with land use, land-use change and forestry",Western Australia,Western Australia,2000,71956.47668
"Total CO2 equivaleNorthern Territory emissions with land use, land-use change and forestry",Western Australia,Western Australia,2001,71839.17956
"Total CO2 equivaleNorthern Territory emissions with land use, land-use change and forestry",Western Australia,Western Australia,2002,72596.84994
"Total CO2 equivaleNorthern Territory emissions with land use, land-use change and forestry",Western Australia,Western Australia,2003,82793.11217
"Total CO2 equivaleNorthern Territory emissions with land use, land-use change and forestry",Western Australia,Western Australia,2004,74996.99442
"Total CO2 equivaleNorthern Territory emissions with land use, land-use change and forestry",Western Australia,Western Australia,2005,78534.04242
"Total CO2 equivaleNorthern Territory emissions with land use, land-use change and forestry",Western Australia,Western Australia,2006,82413.04886
"Total CO2 equivaleNorthern Territory emissions with land use, land-use change and forestry",Western Australia,Western Australia,2007,87300.20172
"Total CO2 equivaleNorthern Territory emissions with land use, land-use change and forestry",Western Australia,Western Australia,2008,85067.61907
"Total CO2 equivaleNorthern Territory emissions with land use, land-use change and forestry",Western Australia,Western Australia,2009,89189.90989
"Total CO2 equivaleNorthern Territory emissions with land use, land-use change and forestry",Western Australia,Western Australia,2010,84663.08861
"Total CO2 equivaleNorthern Territory emissions with land use, land-use change and forestry",Western Australia,Western Australia,2011,74231.63302
"Total CO2 equivaleNorthern Territory emissions with land use, land-use change and forestry",Western Australia,Western Australia,2012,76414.12473
"Total CO2 equivaleNorthern Territory emissions with land use, land-use change and forestry",Western Australia,Western Australia,2013,80765.93513
"Total CO2 equivaleNorthern Territory emissions with land use, land-use change and forestry",Western Australia,Western Australia,2014,81925.26921
"Total CO2 equivaleNorthern Territory emissions with land use, land-use change and forestry",Western Australia,Western Australia,2015,83380.40995
"Total CO2 equivaleNorthern Territory emissions with land use, land-use change and forestry",Western Australia,Western Australia,2016,88291.76813
"Total CO2 equivaleNorthern Territory emissions with land use, land-use change and forestry",Western Australia,Western Australia,2017,85223.37754
"Total CO2 equivaleNorthern Territory emissions with land use, land-use change and forestry",Western Australia,Western Australia,2018,87097.50486
"Total CO2 equivaleNorthern Territory emissions with land use, land-use change and forestry",Western Australia,Western Australia,2019,91216.66773
"Total CO2 equivaleNorthern Territory emissions with land use, land-use change and forestry",Western Australia,Western Australia,2020,82115.84182
